user_id,movie_id,rating,watch_date
56,14,2,2024-09-06
90,23,1,2024-09-13
19,44,5,2025-03-11
27,69,3,2024-12-06
14,49,4,2025-02-27
69,125,3,2024-04-28
60,130,4,2024-08-21
53,176,2,2024-09-08
87,21,5,2024-04-22
33,11,4,2024-07-29
65,61,2,2025-04-12
73,47,1,2024-06-02
76,56,5,2024-08-04
59,7,3,2024-08-15
33,52,3,2024-07-31
63,27,1,2025-04-19
63,83,1,2024-05-26
45,55,5,2024-05-11
9,3,3,2024-05-17
25,120,4,2024-10-15
8,70,2,2024-07-13
68,8,5,2025-04-09
12,106,1,2024-11-24
95,176,4,2025-01-13
9,121,5,2024-04-26
17,198,3,2024-07-05
90,134,2,2024-10-20
12,177,4,2024-11-04
54,124,2,2024-07-30
61,58,5,2025-03-27
24,122,4,2024-09-04
72,41,1,2024-07-22
63,108,3,2024-10-11
35,151,4,2024-10-28
38,55,4,2024-07-14
97,85,3,2024-12-13
36,65,5,2024-09-24
57,6,5,2024-11-01
100,33,1,2024-05-13
24,66,5,2024-09-21
62,97,3,2025-04-16
60,150,3,2024-09-23
49,125,3,2025-04-10
83,114,1,2024-11-05
58,117,5,2025-04-09
64,59,3,2024-08-04
50,49,5,2025-03-24
73,62,1,2024-06-10
25,152,5,2025-01-13
5,46,1,2024-06-23
89,134,4,2024-10-14
21,95,2,2024-09-17
20,58,4,2024-09-11
12,42,3,2024-09-13
61,159,3,2025-01-06
62,160,4,2024-07-20
44,170,2,2024-12-27
86,155,4,2024-11-19
32,188,4,2024-11-15
26,129,3,2024-09-19
43,32,1,2024-05-13
33,183,4,2024-12-27
69,195,2,2024-06-11
35,194,1,2024-06-30
93,197,4,2024-11-03
48,61,5,2025-01-09
91,1,4,2024-04-25
28,44,4,2025-01-01
98,130,2,2024-08-22
55,96,4,2025-03-24
99,197,2,2025-02-02
64,185,5,2025-03-09
5,25,1,2025-01-10
8,95,4,2024-04-25
52,64,1,2024-05-21
73,199,1,2024-12-07
40,31,5,2024-12-18
57,82,2,2024-05-23
55,77,2,2025-03-14
97,103,3,2024-05-30
78,120,1,2024-10-08
78,4,4,2024-05-30
72,101,3,2025-01-12
9,177,4,2024-05-19
97,37,4,2025-02-13
4,178,1,2024-07-16
40,184,5,2024-08-25
27,54,4,2024-08-03
69,30,1,2024-10-06
62,29,5,2024-09-13
38,130,2,2024-05-06
46,7,5,2025-01-13
92,91,4,2024-08-02
58,53,4,2024-12-22
24,34,2,2025-02-25
91,163,3,2025-03-13
22,44,5,2024-12-04
35,166,1,2025-01-27
21,39,1,2024-10-28
81,158,2,2024-05-25
49,167,3,2024-10-13
54,77,4,2024-08-26
63,71,1,2024-10-16
78,107,3,2025-01-09
75,77,2,2025-03-26
4,136,2,2025-04-19
15,67,1,2025-02-12
20,86,5,2025-02-24
62,32,2,2024-11-15
86,51,4,2024-11-01
90,16,3,2024-09-22
36,151,2,2024-06-27
17,23,4,2024-05-31
20,121,3,2025-02-27
27,52,1,2024-07-15
31,33,5,2024-05-01
78,118,1,2024-07-26
6,111,3,2024-05-09
10,143,1,2025-03-16
3,90,1,2024-04-21
46,77,1,2025-03-13
29,150,5,2024-11-06
98,98,3,2024-07-17
32,95,1,2024-11-09
24,85,5,2024-07-12
93,124,4,2024-04-28
64,197,2,2024-12-27
78,162,4,2024-06-09
1,181,1,2024-07-09
13,177,3,2024-11-12
26,23,4,2025-01-09
4,2,5,2024-09-06
100,81,4,2024-11-19
43,99,5,2025-04-04
27,28,3,2024-09-10
51,195,4,2025-02-26
93,199,1,2024-04-22
83,189,2,2024-06-14
61,171,1,2025-04-07
84,121,4,2024-07-26
78,140,3,2024-05-02
48,100,1,2024-12-05
90,97,3,2024-10-09
94,89,3,2024-08-13
38,164,4,2024-05-31
97,133,5,2024-12-09
73,1,4,2024-06-22
41,50,5,2024-07-08
53,35,2,2025-01-22
71,124,2,2024-12-01
99,40,4,2024-12-07
98,74,1,2025-02-04
33,198,5,2024-09-16
47,43,1,2024-06-15
45,180,5,2025-02-16
87,145,4,2024-06-08
87,171,2,2024-12-19
58,9,1,2024-12-08
39,95,1,2025-03-06
61,162,1,2024-09-27
73,136,2,2024-11-10
78,10,3,2024-12-18
39,154,3,2024-07-23
67,48,1,2024-11-28
43,90,4,2024-10-13
41,59,2,2024-11-09
81,66,2,2025-02-06
87,5,4,2024-10-14
46,27,4,2024-07-24
58,192,2,2024-06-23
37,85,4,2025-03-04
70,30,5,2024-09-19
32,120,3,2024-09-05
24,89,3,2024-12-26
93,120,5,2025-03-09
49,101,3,2024-07-03
54,158,2,2024-12-16
19,95,1,2024-11-25
65,85,4,2024-06-04
99,56,2,2024-05-28
93,43,3,2025-03-16
73,165,5,2025-03-01
13,90,4,2024-12-08
16,18,4,2024-07-01
8,163,1,2025-03-14
7,37,3,2024-08-07
57,62,4,2024-11-23
12,167,4,2024-11-20
87,76,5,2024-09-22
14,190,5,2024-10-05
80,173,3,2024-05-02
65,58,4,2025-01-01
67,172,5,2024-06-30
52,176,4,2025-01-24
72,102,5,2024-08-30
82,126,3,2024-07-07
84,186,2,2025-02-17
92,101,4,2024-10-28
25,111,1,2024-09-29
99,17,5,2024-05-20
71,138,2,2025-01-28
31,179,1,2025-04-19
55,77,5,2024-05-18
30,59,4,2025-02-11
27,125,4,2024-11-19
91,199,5,2024-07-25
8,149,2,2025-01-07
38,163,5,2024-12-30
70,122,4,2025-04-19
31,59,3,2024-12-04
18,87,3,2024-07-03
73,185,1,2024-04-22
62,90,2,2024-12-27
36,151,3,2025-02-22
18,65,5,2024-06-02
97,69,4,2024-12-29
1,20,2,2024-05-11
41,54,1,2024-07-23
69,34,1,2025-01-26
42,57,5,2024-08-10
15,40,2,2024-05-21
31,58,1,2024-06-08
54,95,1,2025-01-19
5,14,1,2025-03-05
82,1,4,2024-07-07
7,68,3,2025-01-08
81,81,2,2024-05-11
46,30,5,2024-11-11
96,3,1,2024-10-19
88,8,2,2024-04-22
5,190,5,2024-11-29
88,169,3,2025-03-04
33,51,3,2024-10-04
32,174,5,2025-03-11
6,200,5,2024-08-31
3,107,5,2025-01-27
40,170,1,2025-02-03
61,119,4,2024-09-30
65,183,1,2024-09-17
84,103,5,2024-08-06
34,31,5,2024-04-23
78,5,2,2024-06-05
77,38,5,2025-01-08
39,122,2,2025-01-09
43,24,3,2024-06-30
27,192,3,2025-03-04
5,131,1,2024-05-05
80,66,4,2025-03-10
59,185,4,2024-11-04
41,65,5,2024-09-02
2,118,4,2025-02-22
56,162,1,2024-05-11
58,27,5,2024-09-21
74,115,4,2024-12-18
51,136,3,2024-08-22
44,95,2,2024-11-23
59,58,1,2025-03-26
32,134,3,2024-11-06
60,168,2,2025-01-13
78,147,1,2025-02-24
2,85,5,2024-11-02
55,161,5,2024-07-03
92,168,5,2024-10-27
53,186,4,2025-03-26
63,53,4,2024-07-09
20,194,4,2024-12-27
88,131,3,2025-01-01
50,109,2,2025-03-10
76,116,1,2024-07-26
100,185,2,2025-03-24
24,119,5,2024-07-13
2,13,4,2024-06-28
96,104,3,2024-05-09
32,23,2,2024-04-20
54,49,5,2025-01-01
64,2,4,2024-10-26
88,67,3,2024-07-30
84,98,4,2025-04-16
42,88,5,2024-08-27
38,148,4,2024-09-27
92,184,5,2025-03-14
99,150,3,2025-03-22
55,106,4,2024-06-20
18,103,2,2024-08-01
47,142,3,2024-10-12
82,22,1,2025-02-05
66,175,4,2024-05-03
78,139,4,2024-08-27
97,26,2,2025-03-14
52,98,4,2024-05-11
62,82,3,2024-12-07
89,44,2,2024-05-27
91,113,1,2024-05-10
86,3,2,2025-01-07
88,117,4,2024-06-07
75,77,5,2024-12-26
74,168,4,2025-04-14
72,136,5,2024-08-12
81,57,1,2025-03-14
18,14,3,2024-08-02
98,190,1,2025-04-17
49,86,2,2025-02-01
85,162,3,2025-03-27
13,60,3,2024-12-24
52,15,5,2024-11-16
58,200,3,2024-05-03
85,62,3,2025-02-28
15,31,4,2024-10-04
23,87,1,2025-01-09
41,137,4,2024-12-31
48,121,1,2024-05-17
52,160,4,2024-08-31
55,160,2,2025-04-14
54,13,1,2024-06-16
12,155,5,2025-01-22
96,179,2,2024-09-08
28,31,2,2024-04-22
87,126,1,2024-08-12
93,114,5,2024-07-10
82,189,1,2024-11-18
89,149,1,2025-01-18
98,102,3,2024-10-02
51,60,2,2024-07-03
38,35,1,2025-01-29
39,197,5,2024-06-13
11,64,2,2024-06-25
46,198,1,2024-05-18
33,78,3,2024-10-01
27,39,1,2024-05-31
13,106,3,2025-04-08
20,105,1,2024-11-29
82,53,2,2024-08-17
1,128,3,2024-09-22
78,124,3,2024-10-19
40,40,5,2024-05-05
58,69,3,2025-03-06
71,29,5,2025-03-30
35,122,2,2024-09-22
47,49,1,2024-09-15
17,187,5,2024-06-26
11,113,3,2024-12-28
48,37,2,2025-03-05
85,195,3,2024-09-18
21,62,1,2025-01-28
33,44,1,2024-09-10
86,57,1,2024-08-06
4,16,4,2025-01-03
65,101,2,2025-04-20
1,191,1,2025-02-04
51,17,2,2024-07-11
1,192,2,2024-09-23
100,115,4,2024-05-07
3,188,1,2025-01-04
87,89,2,2024-09-11
5,47,3,2024-05-17
78,67,3,2024-05-15
86,31,4,2024-07-05
28,95,4,2025-02-09
30,181,2,2024-11-19
27,74,4,2024-12-23
27,60,2,2024-04-29
65,197,1,2024-10-10
85,185,4,2025-03-01
52,63,5,2024-12-03
50,92,4,2024-09-16
95,4,3,2024-11-04
97,29,4,2025-03-17
94,107,2,2024-12-03
5,21,3,2024-08-22
19,197,3,2024-08-06
8,122,5,2024-10-30
58,61,3,2024-09-28
89,136,4,2024-06-28
52,97,2,2025-03-20
94,172,4,2025-02-07
11,33,4,2025-02-12
9,31,3,2024-10-22
68,43,2,2024-06-28
86,66,2,2024-12-07
48,46,5,2024-08-15
34,73,2,2024-05-02
47,17,4,2024-12-06
71,74,4,2025-03-26
63,129,2,2024-06-04
88,178,4,2024-07-20
36,6,4,2024-08-29
69,168,5,2024-10-11
88,45,4,2024-12-13
77,144,3,2024-06-15
70,35,4,2025-01-07
73,75,1,2024-06-08
1,120,5,2024-07-24
87,103,2,2024-08-04
63,186,4,2024-07-22
84,120,5,2025-04-13
72,100,1,2025-02-05
91,100,5,2024-12-30
63,190,2,2024-10-16
24,53,2,2024-05-02
70,36,5,2024-07-05
10,178,5,2025-01-25
28,44,3,2024-06-21
79,103,4,2025-01-25
53,7,3,2025-03-18
26,61,5,2024-07-17
2,84,4,2025-02-15
66,93,5,2025-01-28
14,6,1,2024-07-21
54,55,3,2025-04-20
19,64,5,2024-12-16
39,200,5,2025-04-13
26,46,1,2025-02-16
4,186,2,2025-02-23
3,176,2,2025-04-10
29,151,3,2024-07-15
83,39,4,2024-04-20
30,171,4,2024-10-06
9,187,2,2024-05-17
63,168,2,2024-05-03
53,49,4,2024-11-30
41,174,2,2024-09-14
80,156,3,2025-03-18
99,172,5,2024-12-20
22,174,4,2025-04-07
98,177,1,2024-05-01
3,128,2,2024-08-28
26,148,3,2024-06-16
30,97,2,2024-05-27
95,189,1,2024-04-24
96,171,5,2024-12-12
92,78,3,2024-09-01
4,187,3,2024-10-01
8,159,3,2024-11-13
96,76,2,2025-02-02
43,162,5,2025-04-04
78,115,2,2024-11-13
95,1,1,2025-04-11
2,84,4,2025-03-20
68,70,3,2024-06-11
49,64,2,2025-01-16
58,74,5,2024-11-08
26,8,1,2024-08-31
32,112,3,2024-10-06
60,108,5,2024-06-11
67,155,5,2024-11-17
43,65,1,2024-10-23
52,165,3,2024-09-21
74,71,1,2025-02-12
6,185,1,2024-04-26
21,194,3,2024-08-26
33,153,4,2025-02-04
2,144,4,2024-06-20
39,143,3,2025-04-02
59,166,3,2025-02-14
29,168,2,2024-11-16
95,42,2,2024-07-10
31,4,2,2024-05-12
17,111,3,2024-08-04
70,151,3,2024-12-16
59,21,4,2025-03-01
55,195,1,2024-10-31
44,151,5,2024-12-31
36,123,2,2024-05-24
71,17,1,2024-09-26
70,136,3,2025-02-20
92,95,4,2024-04-24
38,47,3,2024-06-07
63,145,5,2024-07-15
89,200,1,2024-10-22
11,148,1,2024-06-07
71,149,1,2025-01-22
51,75,3,2024-10-22
100,45,2,2024-11-17
55,137,4,2025-04-18
17,149,1,2024-12-16
4,103,1,2025-04-05
21,151,5,2024-12-14
87,144,4,2025-02-16
11,130,1,2024-09-22
2,145,4,2024-07-18
8,96,3,2024-09-08
42,51,1,2025-03-24
71,27,1,2024-05-17
90,162,1,2024-11-14
56,111,5,2024-12-16
39,161,1,2025-01-21
3,69,1,2024-12-19
79,190,4,2024-09-09
96,59,2,2024-11-14
87,172,3,2024-07-09
28,4,5,2024-11-09
56,116,3,2024-08-12
96,150,1,2024-05-26
54,180,2,2025-01-18
59,120,3,2024-08-21
97,30,1,2024-11-24
58,159,2,2025-03-27
33,118,1,2025-02-06
64,165,1,2024-07-10
8,148,5,2025-02-26
9,120,2,2024-10-09
78,49,2,2025-02-07
49,75,2,2024-06-23
65,50,2,2025-03-05
74,123,5,2024-12-19
80,159,4,2025-02-11
42,141,3,2025-03-05
81,131,1,2024-11-20
38,128,4,2024-11-25
85,38,5,2025-01-22
32,98,4,2025-03-27
46,10,2,2025-03-27
57,99,1,2024-05-12
57,23,3,2024-06-18
72,180,5,2025-01-22
65,152,3,2024-07-17
41,56,3,2024-07-02
48,161,5,2024-09-05
40,98,1,2025-01-26
24,56,1,2025-02-08
4,197,4,2024-06-28
64,158,2,2024-11-20
41,25,3,2024-05-25
60,2,4,2024-06-05
33,38,1,2024-06-27
100,122,5,2024-10-11
76,40,3,2025-01-22
32,179,1,2024-11-09
39,101,4,2024-05-09
78,17,4,2024-07-17
14,115,5,2025-03-13
51,103,3,2024-12-03
1,40,3,2025-01-21
17,92,1,2024-10-12
62,126,2,2024-07-09
38,18,3,2024-08-03
80,167,1,2025-01-03
73,178,5,2024-08-23
34,160,1,2024-10-10
22,86,2,2024-08-01
38,22,1,2025-02-14
13,151,3,2024-05-10
17,131,3,2025-02-25
42,189,4,2024-06-05
80,130,4,2025-03-01
84,27,5,2024-10-22
16,132,2,2024-07-04
16,26,3,2024-09-23
29,4,1,2024-11-01
45,1,5,2024-10-15
28,180,1,2024-05-14
26,42,3,2025-02-20
31,197,2,2024-11-18
77,60,5,2024-11-29
34,125,4,2024-08-29
9,67,1,2024-09-08
22,117,2,2024-10-17
39,149,5,2025-01-05
62,179,3,2025-02-11
100,98,1,2024-08-15
59,173,2,2024-09-27
21,122,4,2024-09-08
1,77,5,2024-11-25
61,139,2,2025-03-23
34,197,4,2024-06-21
35,13,3,2024-10-03
57,50,5,2024-08-11
3,41,5,2024-06-17
7,46,4,2024-12-02
53,177,2,2024-07-18
79,23,3,2024-08-14
10,143,5,2024-07-01
60,51,3,2024-12-02
45,159,4,2024-07-18
2,46,1,2024-10-07
46,30,3,2024-08-26
15,54,3,2025-03-20
57,37,1,2024-12-03
48,131,1,2024-08-06
52,149,1,2024-07-25
100,106,5,2024-05-26
50,115,4,2024-05-10
35,71,4,2024-05-26
90,103,5,2024-06-25
67,181,4,2024-09-29
75,145,2,2025-01-29
74,18,2,2024-09-15
16,191,1,2024-06-17
48,1,3,2024-12-14
88,91,3,2025-04-09
65,55,4,2024-06-09
38,41,4,2025-03-20
88,185,1,2025-04-18
76,166,5,2024-12-08
18,137,5,2024-11-22
20,152,4,2024-07-18
16,1,5,2024-10-31
80,123,2,2024-09-06
36,85,5,2025-01-01
31,14,4,2024-05-08
50,44,5,2024-10-17
71,165,2,2024-12-03
65,163,2,2024-07-19
16,145,4,2024-10-18
27,135,3,2024-04-23
45,13,3,2024-08-30
21,37,2,2024-09-04
18,133,5,2025-02-19
55,52,2,2024-12-10
100,5,1,2025-01-06
41,93,1,2025-01-21
88,160,2,2025-03-05
56,87,5,2024-06-06
53,130,2,2025-01-08
83,130,2,2024-11-27
80,5,3,2025-03-18
57,36,2,2025-04-15
27,70,1,2024-06-03
67,74,5,2025-04-01
19,9,5,2024-07-24
71,134,2,2024-05-20
37,17,3,2024-12-31
91,51,4,2024-12-07
38,47,5,2025-04-09
76,191,2,2024-08-08
87,145,3,2025-01-29
57,114,4,2025-03-11
72,95,2,2024-09-28
75,98,5,2024-06-28
64,199,1,2024-05-22
2,92,3,2024-05-06
4,68,2,2025-04-01
74,112,5,2024-07-01
94,51,4,2024-10-22
2,159,2,2024-05-27
82,107,3,2025-01-20
8,190,5,2025-04-09
14,176,2,2024-07-05
66,171,2,2025-03-18
3,131,4,2025-03-18
35,103,4,2024-09-27
80,13,1,2024-08-21
5,76,2,2025-01-21
58,131,1,2025-02-02
19,68,2,2025-03-11
82,182,2,2024-08-26
23,185,5,2025-03-30
37,111,2,2024-12-09
4,52,4,2024-12-30
7,168,2,2024-05-14
46,177,3,2024-12-22
48,9,3,2025-03-13
69,114,4,2024-06-13
66,61,4,2024-06-28
47,190,5,2024-07-05
23,200,1,2024-05-25
49,68,2,2024-06-10
87,61,3,2024-07-12
24,169,3,2024-09-14
15,106,4,2024-05-27
75,190,4,2024-11-24
84,131,2,2024-12-13
77,91,5,2025-01-19
88,20,5,2024-12-27
42,153,1,2024-12-27
37,6,2,2025-01-07
1,84,5,2024-11-21
1,183,2,2024-10-16
16,103,2,2024-07-24
95,187,2,2024-08-12
35,151,4,2024-09-11
74,115,5,2024-10-11
13,174,3,2024-08-02
47,126,3,2024-05-30
12,138,3,2024-08-30
43,82,2,2025-03-07
26,141,1,2025-03-10
71,25,3,2024-06-21
14,142,2,2024-07-04
89,86,2,2025-03-09
28,50,1,2024-11-06
53,48,5,2024-08-19
5,128,5,2025-04-20
78,82,4,2024-06-26
4,20,5,2024-07-03
9,164,2,2025-04-05
71,147,4,2025-03-30
85,142,2,2024-04-25
5,171,4,2025-04-02
54,70,2,2024-08-29
40,22,2,2024-05-04
33,195,4,2024-06-26
22,146,2,2024-09-08
27,101,1,2025-01-31
76,117,1,2025-03-23
81,117,4,2025-02-11
58,161,5,2025-03-26
57,169,5,2024-10-25
13,100,1,2024-12-27
15,173,3,2024-06-07
40,109,5,2024-05-14
56,155,4,2025-02-21
98,42,4,2024-08-26
30,193,4,2024-10-12
64,188,4,2024-11-21
53,88,1,2024-08-20
64,164,1,2024-11-04
71,148,3,2025-02-15
75,117,3,2024-12-01
60,179,2,2024-06-10
94,44,2,2024-07-08
82,42,3,2024-05-06
52,114,1,2024-07-27
25,67,4,2024-05-27
26,103,2,2024-09-30
2,196,5,2025-02-04
69,32,5,2024-07-22
98,143,5,2024-10-28
43,135,5,2024-04-22
65,41,3,2024-05-26
66,72,2,2025-04-10
4,132,2,2025-04-08
98,110,3,2024-11-04
51,200,3,2024-12-02
98,92,4,2024-05-26
13,198,4,2025-01-06
29,28,3,2024-08-05
57,27,1,2025-01-30
81,118,2,2025-01-24
62,200,3,2025-02-18
36,192,1,2025-01-25
39,34,4,2025-03-23
7,120,2,2024-09-03
94,163,1,2025-02-24
66,48,4,2024-08-03
84,199,2,2024-11-19
90,87,3,2024-07-24
22,29,1,2025-03-03
12,186,4,2025-01-26
28,168,1,2024-06-13
5,81,3,2024-04-28
68,187,3,2025-03-18
35,59,1,2024-06-09
46,166,5,2024-09-05
23,29,2,2024-07-12
99,29,3,2024-12-29
77,52,1,2024-10-31
77,38,1,2024-08-24
95,20,1,2025-01-15
88,139,5,2024-06-05
41,185,3,2024-09-04
66,103,1,2025-03-13
95,184,2,2025-04-07
9,24,1,2024-11-01
53,122,5,2024-10-19
34,131,4,2025-04-15
63,158,1,2024-07-20
28,188,5,2025-04-05
4,109,3,2024-11-13
80,118,3,2025-03-08
69,28,3,2024-09-04
98,148,4,2024-08-12
4,83,3,2025-03-10
4,3,4,2025-03-01
20,85,5,2024-05-18
65,155,1,2024-09-10
8,69,3,2025-04-01
97,173,5,2024-04-27
38,131,4,2024-11-23
30,172,3,2025-04-06
100,67,1,2024-09-11
38,96,1,2025-04-17
60,72,3,2024-08-15
37,47,3,2024-05-15
35,133,3,2025-01-20
94,165,4,2024-11-08
97,128,2,2024-06-13
8,55,4,2024-12-27
42,191,2,2025-02-25
73,142,3,2024-09-24
72,62,4,2024-11-11
43,195,3,2025-01-11
13,150,2,2024-05-27
96,63,3,2024-11-25
19,188,2,2024-06-30
91,111,1,2024-12-12
38,118,4,2024-11-17
89,100,1,2025-04-16
86,195,5,2024-06-25
51,40,3,2024-06-16
47,159,2,2024-06-21
26,162,2,2024-08-17
1,62,5,2024-12-19
9,156,4,2024-07-01
66,28,2,2024-09-18
9,4,2,2024-09-07
76,112,5,2025-03-05
43,76,5,2024-07-19
1,69,1,2024-07-01
77,163,5,2024-07-17
67,189,5,2025-02-19
88,135,3,2024-08-04
88,19,5,2024-10-28
49,120,3,2024-11-13
94,52,2,2024-09-29
74,44,2,2024-09-27
25,89,1,2025-01-21
11,79,1,2025-04-17
61,175,4,2024-12-14
84,167,1,2024-06-15
63,11,5,2024-06-04
87,101,2,2025-02-18
49,153,2,2025-04-06
96,125,4,2025-04-05
9,6,2,2024-06-08
1,145,2,2025-02-18
28,45,4,2024-09-07
61,125,3,2025-01-30
66,111,4,2024-10-17
23,73,5,2024-07-04
59,9,3,2024-12-04
23,159,5,2025-03-11
10,56,1,2024-08-04
20,170,5,2024-09-18
14,176,4,2024-07-21
4,26,5,2024-05-08
73,107,4,2024-06-23
54,138,4,2024-11-01
11,190,1,2025-03-04
23,151,1,2024-11-24
49,63,2,2024-06-10
43,59,1,2024-11-19
94,171,5,2025-01-14
71,190,1,2025-03-27
35,159,4,2024-07-17
36,200,1,2025-04-04
38,74,4,2024-07-09
95,124,1,2024-09-01
83,157,4,2024-10-30
14,87,2,2024-08-30
4,118,5,2025-02-15
100,98,2,2025-02-01
37,19,2,2025-04-13
98,106,5,2024-09-03
6,66,2,2024-05-04
96,105,3,2024-09-13
51,80,3,2024-08-08
79,68,2,2024-10-20
93,187,5,2024-05-28
63,132,3,2024-08-18
65,137,1,2024-08-21
38,118,3,2024-10-16
73,163,2,2025-03-11
69,92,3,2024-06-12
83,49,4,2024-08-26
78,45,1,2025-02-09
20,70,1,2024-08-24
2,46,4,2024-08-01
90,143,5,2024-06-11
4,2,5,2025-02-14
20,169,5,2024-07-12
7,176,3,2024-05-20
61,1,2,2024-06-19
35,82,2,2024-07-11
93,11,5,2025-03-29
43,26,4,2024-06-23
35,84,4,2024-05-10
50,152,3,2024-07-16
46,197,4,2025-04-16
54,16,2,2024-08-08
10,181,5,2025-03-24
64,94,5,2025-01-21
93,11,2,2024-06-23
24,30,2,2024-09-07
40,119,4,2025-03-07
91,63,4,2025-01-23
45,28,5,2024-04-24
3,71,3,2024-06-19
46,186,1,2024-12-28
95,67,2,2024-11-07
87,140,5,2024-11-05
74,166,3,2025-03-07
53,12,4,2024-10-13
26,118,5,2024-12-13
93,71,1,2024-06-01
27,46,3,2024-11-09
77,149,3,2025-03-20
45,114,1,2024-12-13
52,106,5,2024-06-15
61,83,2,2024-04-20
88,199,3,2024-05-21
71,1,2,2025-01-11
22,72,2,2024-06-22
67,29,3,2024-09-21
37,131,1,2025-03-09
83,157,5,2024-11-24
87,189,5,2024-10-18
41,171,4,2025-03-31
24,100,3,2024-10-08
16,24,5,2024-08-11
53,67,4,2024-12-24
63,189,5,2025-03-09
15,120,3,2025-04-14
45,174,2,2024-06-16
58,36,2,2025-01-09
33,112,5,2024-12-21
38,12,1,2025-02-02
91,6,5,2024-09-03
12,96,4,2024-05-04
3,45,4,2024-12-10
61,64,1,2024-08-16
65,1,4,2024-04-30
25,183,4,2024-08-22
12,86,2,2024-09-28
68,125,4,2024-10-04
50,58,4,2024-08-05
18,190,3,2024-10-01
87,58,2,2024-08-26
57,45,3,2024-11-21
30,72,3,2024-12-27
42,76,3,2025-03-30
66,75,4,2024-08-13
62,96,5,2024-11-24
81,79,1,2025-02-27
36,103,5,2024-07-28
32,198,3,2025-03-14
93,46,1,2024-08-27
2,147,2,2024-05-01
20,195,4,2025-01-04
60,74,3,2024-08-11
40,147,1,2024-12-21
36,94,3,2024-05-15
61,142,5,2025-01-29
54,152,5,2024-10-30
33,162,5,2024-07-03
39,45,3,2024-12-01
16,66,3,2025-03-01
60,164,3,2024-11-11
38,44,2,2025-01-15
52,114,5,2024-11-20
29,15,1,2024-07-25
60,109,3,2024-12-01
36,19,1,2024-11-30
63,128,2,2024-11-28
48,86,4,2024-10-03
87,126,2,2024-11-10
15,36,5,2024-09-21
27,152,2,2024-11-09
18,74,3,2024-10-16
7,187,1,2024-11-02
8,158,4,2025-01-09
37,184,1,2024-11-21
91,166,1,2024-08-29
30,57,5,2024-07-31
78,105,1,2025-03-19
3,166,2,2024-07-24
35,182,5,2024-08-11
56,64,4,2024-06-14
65,135,4,2024-05-13
40,48,2,2025-01-21
74,53,1,2024-12-13
31,175,5,2025-04-02
83,114,5,2025-02-14
14,24,4,2024-09-13
65,48,1,2024-06-23
78,75,1,2024-05-03
17,124,5,2024-08-01
61,97,1,2024-12-31
68,139,1,2024-07-15
29,193,2,2024-08-21
34,129,5,2025-02-24
8,54,2,2024-11-08
52,108,2,2024-06-17
35,58,2,2024-05-13
59,23,2,2025-04-12
7,28,5,2025-04-18
42,151,3,2024-08-09
81,111,5,2024-07-12
24,164,2,2024-10-08
59,189,4,2025-04-16
30,169,5,2024-06-06
25,140,5,2025-04-03
57,23,3,2024-10-03
10,54,5,2025-04-01
69,84,4,2024-10-18
97,84,5,2024-05-28
93,194,5,2024-10-20
33,125,1,2025-03-06
83,7,5,2024-04-23
44,77,5,2024-05-07
13,114,4,2025-01-28
65,129,3,2024-07-21
37,136,1,2024-09-01
65,117,5,2024-08-14
84,45,1,2024-05-02
32,113,1,2025-01-03
91,142,5,2024-12-04
96,154,3,2024-08-31
23,40,2,2025-03-25
85,69,3,2024-04-20
21,26,4,2024-04-23
47,3,5,2024-11-28
74,132,2,2024-07-26
50,82,3,2024-11-21
57,89,2,2025-03-27
73,78,5,2025-03-17
12,194,2,2025-01-31
42,166,3,2024-08-08
28,115,5,2024-09-26
30,155,3,2024-11-27
85,168,2,2024-11-20
50,49,5,2025-03-05
38,160,1,2025-01-05
8,48,5,2025-03-16
54,199,5,2024-08-10
43,155,5,2025-02-07
89,166,2,2025-03-27
20,164,4,2025-04-10
80,111,3,2024-09-14
46,10,3,2024-10-12
71,190,2,2024-06-25
7,67,2,2024-11-15
86,138,1,2025-01-13
86,22,1,2024-11-03
8,134,3,2024-10-09
23,30,2,2024-10-18
47,200,3,2025-02-20
35,97,5,2024-11-13
21,13,5,2025-02-25
90,72,2,2024-09-25
79,15,2,2025-02-10
97,50,5,2024-08-23
28,156,2,2025-03-08
38,46,1,2024-05-29
97,28,5,2024-06-15
40,158,5,2025-03-06
59,135,1,2024-09-07
85,119,4,2024-10-17
3,36,1,2024-06-29
17,107,4,2024-09-19
22,81,3,2025-04-05
59,197,5,2024-06-23
56,118,1,2024-05-07
76,43,3,2024-10-17
26,19,2,2025-02-14
98,138,1,2024-05-19
78,44,5,2024-07-10
32,179,2,2025-03-15
91,73,3,2024-09-14
4,55,4,2024-08-20
42,111,3,2024-06-19
23,150,2,2025-03-11
31,67,4,2025-01-21
43,179,2,2024-07-14
11,99,5,2024-12-26
67,92,2,2024-12-22
98,126,5,2025-04-08
2,106,4,2025-02-19
23,164,1,2024-07-13
67,192,3,2024-09-10
50,84,3,2024-08-16
68,137,2,2025-01-14
27,2,3,2024-07-07
79,139,4,2024-12-31
76,114,2,2024-12-28
87,199,5,2024-09-24
62,121,1,2024-04-28
100,38,5,2024-12-09
24,149,3,2024-05-11
53,101,2,2025-01-25
100,144,3,2025-04-07
67,82,2,2025-03-22
60,164,4,2024-04-26
22,80,3,2025-03-13
90,187,1,2024-05-17
18,135,2,2024-08-14
16,104,3,2025-02-13
89,44,5,2024-10-27
47,48,4,2024-05-31
31,132,4,2024-12-12
86,181,5,2024-07-01
68,119,4,2025-03-30
33,97,5,2024-08-03
80,34,3,2025-02-07
81,61,4,2024-05-25
2,4,3,2025-02-21
99,128,1,2024-05-22
72,136,2,2025-04-02
16,160,3,2024-12-04
30,114,1,2024-06-19
45,144,3,2025-01-22
55,4,2,2024-11-22
80,36,3,2024-06-19
22,118,5,2025-01-01
41,137,1,2024-06-27
93,10,5,2025-02-21
34,128,4,2024-10-06
78,40,5,2024-10-05
65,90,2,2024-08-31
79,154,3,2024-11-22
64,55,2,2025-04-12
39,77,1,2024-06-29
58,53,5,2024-08-01
24,73,3,2024-06-10
4,147,1,2024-05-14
12,24,5,2024-11-21
32,41,1,2024-10-26
82,98,1,2024-12-25
58,194,5,2024-09-30
82,32,2,2024-07-29
100,163,1,2024-08-14
16,83,1,2025-02-16
74,113,5,2024-11-15
75,109,2,2025-01-24
46,193,4,2025-02-06
63,111,5,2024-06-29
49,51,2,2025-03-10
44,21,4,2024-05-01
68,16,4,2024-12-23
69,68,5,2025-03-24
54,175,3,2024-07-18
14,144,2,2024-08-04
41,165,3,2025-02-21
22,55,5,2024-09-18
97,163,4,2024-07-22
43,174,2,2024-10-02
96,18,3,2025-03-26
73,94,3,2025-02-28
50,48,4,2025-02-07
7,125,3,2024-12-14
32,144,5,2025-03-25
46,179,3,2025-03-08
26,13,3,2024-06-07
92,142,4,2024-12-06
68,194,3,2024-07-07
96,129,3,2024-05-21
1,6,4,2025-03-14
70,101,4,2024-11-01
35,90,4,2024-11-26
16,11,1,2024-08-04
50,146,1,2024-11-01
93,157,3,2024-10-12
72,115,2,2024-08-08
85,38,1,2024-11-25
93,185,1,2024-10-13
14,89,4,2024-11-01
2,52,3,2024-11-18
82,92,4,2025-03-14
72,145,5,2024-06-29
76,154,3,2025-01-17
50,78,5,2024-09-20
88,136,5,2024-05-27
53,175,3,2025-02-09
19,76,3,2025-02-07
83,166,2,2025-01-28
12,81,4,2025-02-04
77,82,1,2024-11-20
36,195,5,2025-02-12
58,15,5,2024-06-14
18,31,1,2024-07-16
65,70,4,2024-10-14
26,197,1,2025-01-31
60,161,3,2024-06-10
8,36,4,2024-08-03
55,59,4,2025-01-28
27,54,1,2024-09-05
50,177,4,2024-07-31
11,172,3,2025-03-04
64,169,4,2024-04-28
19,176,1,2024-04-27
40,171,1,2024-05-30
31,47,4,2024-08-15
15,184,2,2024-12-11
35,32,2,2025-03-28
56,27,1,2024-06-06
5,27,1,2024-12-19
43,163,5,2024-08-14
48,25,4,2025-03-04
47,127,5,2025-03-16
36,49,5,2024-11-07
86,123,3,2024-11-16
38,154,2,2024-08-29
15,180,5,2024-11-09
67,187,1,2025-03-14
35,130,3,2025-04-03
28,69,2,2025-04-03
17,137,5,2024-10-28
7,164,4,2024-11-05
12,70,1,2024-08-04
4,28,3,2024-11-26
90,27,1,2024-07-21
27,102,4,2024-10-16
49,198,1,2024-05-17
89,111,4,2024-08-07
98,83,4,2025-02-02
54,139,4,2025-04-19
84,171,5,2024-08-12
35,199,3,2025-01-04
64,98,2,2024-10-19
23,179,3,2024-12-08
76,56,4,2024-07-04
76,200,1,2024-07-07
4,112,1,2024-10-30
44,43,2,2024-08-17
95,43,4,2025-03-14
15,108,2,2024-11-06
44,6,5,2025-01-15
4,131,1,2024-09-10
42,122,2,2025-03-22
79,147,5,2024-06-21
71,143,3,2024-09-03
80,78,2,2025-01-19
5,39,1,2024-11-29
59,113,2,2025-03-30
95,131,3,2024-09-22
42,136,1,2024-06-14
39,97,1,2024-07-06
77,85,2,2024-09-11
44,103,1,2024-08-06
74,79,1,2024-12-13
80,46,2,2024-05-07
48,141,1,2024-05-25
90,48,2,2024-08-17
51,133,3,2024-12-30
4,4,4,2024-08-12
54,96,4,2025-01-25
76,165,5,2025-01-04
6,29,5,2024-11-15
71,2,4,2024-05-23
88,43,5,2025-04-17
75,90,2,2025-03-14
70,128,3,2024-10-24
8,152,2,2024-09-20
4,141,4,2024-05-19
22,97,1,2024-11-24
14,175,5,2024-05-24
66,85,5,2024-05-12
40,104,5,2025-01-23
56,39,4,2024-11-20
92,12,1,2024-08-21
11,24,2,2024-05-14
93,49,4,2025-02-08
58,36,5,2024-07-07
90,127,5,2025-03-27
68,26,5,2024-05-30
41,114,1,2025-01-04
9,140,3,2025-03-14
70,19,2,2024-11-17
18,189,1,2025-01-10
98,126,1,2025-02-16
29,174,1,2025-01-16
63,102,1,2025-03-08
12,85,2,2024-07-26
90,31,4,2024-08-15
36,184,5,2024-05-05
15,135,2,2024-08-17
62,142,4,2024-11-04
72,120,2,2024-09-08
83,194,2,2025-02-21
81,54,2,2024-11-22
63,84,3,2024-08-01
55,77,3,2024-08-12
35,162,2,2024-07-29
88,190,3,2024-10-31
90,157,1,2024-09-09
59,159,4,2024-12-02
18,25,2,2025-02-05
46,159,4,2024-05-02
1,4,3,2024-07-12
53,7,2,2024-11-05
26,131,2,2024-12-04
47,165,4,2025-01-19
75,90,1,2024-04-28
90,60,4,2025-01-24
82,79,4,2025-02-07
41,44,5,2025-01-26
75,74,2,2024-07-04
67,93,1,2025-02-04
41,198,5,2024-10-18
67,84,5,2024-10-26
97,51,5,2024-12-05
49,143,4,2024-05-02
23,181,4,2025-03-04
11,10,1,2024-06-06
10,200,4,2024-10-02
65,116,5,2024-04-29
38,55,4,2024-11-18
44,88,4,2024-09-02
68,115,1,2024-06-02
10,139,3,2024-04-28
31,58,2,2024-09-10
83,106,3,2024-09-29
90,3,1,2025-04-03
97,123,4,2025-03-24
57,40,2,2024-10-21
1,178,4,2024-06-10
45,196,1,2024-05-03
35,34,5,2024-05-09
51,89,1,2025-01-21
38,104,5,2024-12-20
65,51,5,2025-01-17
74,172,4,2024-04-26
75,55,5,2024-05-14
67,152,1,2025-02-15
61,18,4,2025-04-04
63,14,4,2025-01-26
40,65,4,2025-02-10
62,79,4,2024-05-02
81,187,5,2024-07-01
24,105,3,2024-09-09
8,146,3,2024-07-15
95,119,4,2024-10-02
4,190,2,2024-09-01
44,95,5,2024-07-30
99,107,4,2024-08-13
76,95,5,2025-02-16
66,104,1,2025-02-20
22,34,1,2024-10-08
76,91,1,2024-09-29
43,176,3,2025-03-24
43,174,5,2024-05-18
77,49,2,2024-08-03
79,189,3,2024-08-16
42,61,4,2024-10-04
39,171,5,2024-10-25
47,91,4,2024-06-13
41,75,1,2024-09-26
16,73,4,2025-03-27
15,59,1,2024-11-29
37,97,4,2024-06-09
31,107,2,2024-09-27
15,119,3,2025-03-20
18,78,1,2024-07-20
58,60,2,2025-02-08
9,183,5,2024-08-31
83,112,4,2024-12-26
37,153,3,2024-07-19
63,70,3,2024-09-14
67,127,2,2025-01-03
75,194,4,2024-08-12
40,179,5,2024-05-10
3,114,4,2025-02-07
88,169,2,2024-07-08
51,104,3,2024-08-14
97,13,2,2024-10-08
18,27,1,2024-12-13
83,172,5,2024-12-30
84,151,1,2025-01-15
84,148,2,2024-10-19
9,113,4,2024-10-05
28,113,1,2024-10-07
84,14,5,2024-05-02
99,197,2,2024-08-20
90,70,5,2024-12-05
7,189,4,2024-06-27
97,125,5,2025-02-05
3,175,4,2024-08-27
43,24,4,2024-05-06
87,82,4,2024-11-05
3,28,2,2025-02-13
68,101,2,2024-05-08
90,74,2,2024-06-03
59,43,5,2025-01-13
33,10,5,2024-05-27
75,191,3,2024-05-29
31,138,3,2024-06-15
45,173,2,2025-01-07
14,187,1,2024-07-04
26,46,4,2024-12-19
93,85,3,2024-09-11
65,20,1,2024-10-16
85,128,4,2024-09-11
12,152,2,2024-09-09
46,63,3,2024-05-02
2,120,4,2024-08-05
1,85,3,2024-11-05
9,46,4,2025-02-20
78,104,4,2025-01-30
21,149,4,2024-07-21
29,70,2,2024-05-02
41,150,1,2025-01-30
51,26,5,2024-09-15
95,24,5,2025-04-20
30,49,5,2024-08-14
39,192,3,2025-01-01
44,108,4,2024-07-27
68,38,5,2025-03-15
9,157,1,2024-06-13
84,22,4,2024-11-21
61,64,2,2024-12-16
95,82,5,2024-12-23
55,7,4,2024-04-25
73,17,4,2024-05-03
71,136,3,2024-10-14
20,100,5,2024-09-25
94,166,5,2024-09-03
48,21,3,2025-03-04
29,159,2,2025-02-25
59,65,4,2024-11-27
68,105,3,2025-04-12
57,105,5,2024-11-16
92,70,1,2025-01-16
80,100,5,2025-03-30
92,18,4,2024-10-09
8,63,4,2024-10-04
93,186,2,2025-03-02
12,140,3,2024-07-26
64,48,3,2024-07-17
15,80,5,2024-07-04
15,162,5,2025-01-21
97,103,5,2024-10-05
10,61,2,2024-09-05
40,157,1,2024-07-08
12,55,3,2024-07-06
92,7,4,2024-07-28
8,115,3,2024-06-30
40,140,4,2024-05-25
35,11,4,2025-02-11
12,199,5,2024-12-07
39,135,1,2024-04-29
2,98,5,2024-09-06
66,101,4,2024-07-14
76,70,3,2024-05-17
17,152,2,2024-06-25
83,41,3,2024-05-24
72,75,5,2024-12-06
83,31,5,2024-12-31
32,143,1,2024-09-09
66,159,4,2024-11-30
36,193,1,2024-09-20
68,3,2,2025-02-13
9,22,1,2025-03-25
86,74,3,2025-02-15
37,128,3,2024-05-12
9,71,5,2024-11-28
21,101,3,2025-03-05
100,150,4,2025-01-05
69,171,5,2024-05-01
14,182,3,2025-03-04
36,117,5,2025-04-05
54,104,2,2025-01-30
100,131,2,2024-06-23
2,181,5,2024-10-11
27,141,1,2024-11-22
27,99,5,2025-01-15
60,70,4,2024-11-19
24,17,5,2025-01-16
34,86,1,2025-04-12
95,8,3,2024-07-21
65,65,1,2024-08-31
71,139,5,2025-02-12
80,169,1,2024-10-10
62,107,3,2024-05-05
14,172,2,2025-03-30
61,151,4,2024-08-21
29,3,4,2024-05-28
65,180,2,2024-09-01
99,28,2,2025-01-15
94,108,2,2024-08-13
36,108,1,2025-02-15
87,199,2,2024-07-08
59,97,4,2024-12-03
97,107,3,2024-12-27
86,40,2,2024-11-26
52,119,3,2024-08-23
73,126,5,2025-01-14
22,135,4,2025-01-23
68,94,1,2025-03-30
37,107,1,2024-11-11
44,127,4,2024-09-06
75,136,4,2024-12-19
4,89,1,2024-07-18
48,89,3,2024-07-03
93,82,4,2024-06-24
27,117,4,2024-07-12
75,77,1,2024-12-30
53,46,3,2024-09-18
26,25,4,2025-02-28
52,123,4,2024-05-31
48,106,3,2025-01-10
85,163,5,2024-04-20
20,95,2,2025-04-11
81,79,3,2025-02-19
26,120,5,2025-03-29
65,73,1,2024-08-07
82,3,5,2025-01-21
76,60,4,2025-02-03
52,22,4,2024-11-16
24,66,5,2024-09-09
37,64,5,2025-03-03
28,48,4,2024-11-06
12,134,1,2024-07-23
44,196,3,2024-06-23
36,2,3,2024-07-28
92,132,4,2024-07-17
84,103,2,2024-08-09
33,101,5,2024-07-03
82,180,3,2025-03-18
12,38,3,2025-01-29
9,72,4,2024-12-22
58,174,5,2025-03-30
34,78,4,2025-02-23
76,4,5,2024-09-14
60,119,3,2024-06-08
27,188,4,2025-04-14
95,105,4,2024-06-27
16,33,2,2024-07-17
27,59,3,2024-10-18
18,54,5,2024-11-16
2,162,2,2024-05-03
86,84,4,2024-06-28
11,130,1,2025-01-07
54,157,5,2025-04-10
82,56,3,2024-08-17
60,29,3,2025-03-08
44,169,5,2024-10-13
49,190,4,2025-02-16
17,141,3,2024-08-12
85,19,4,2024-12-10
65,82,1,2024-12-28
10,108,3,2024-07-20
88,19,3,2024-05-12
40,75,2,2024-09-26
85,60,4,2024-05-11
87,171,3,2025-02-28
37,92,2,2024-05-26
79,132,4,2025-04-08
85,13,5,2024-10-21
40,137,1,2024-10-24
60,3,5,2024-06-26
20,127,5,2024-12-08
14,169,2,2025-02-09
12,134,5,2024-07-17
41,45,5,2024-12-13
39,132,3,2024-08-09
41,34,5,2024-08-14
60,2,5,2024-07-26
34,37,5,2024-08-15
27,120,4,2024-12-21
54,178,4,2024-12-25
2,35,1,2024-05-13
84,11,3,2025-02-06
58,108,5,2024-09-28
13,167,3,2024-11-27
88,107,1,2024-04-22
74,35,4,2025-02-27
94,111,5,2024-09-15
6,92,5,2024-11-28
3,179,4,2024-05-12
75,96,2,2025-01-08
89,85,2,2024-07-22
20,100,1,2025-02-22
96,124,2,2024-11-04
15,161,2,2024-09-11
92,135,5,2025-01-20
99,46,5,2025-03-29
63,146,2,2024-10-07
85,24,2,2024-05-13
11,162,5,2024-05-17
86,34,2,2024-08-26
62,146,2,2024-10-03
58,175,2,2025-02-05
44,75,3,2024-10-26
24,186,4,2024-05-21
81,83,5,2025-04-09
32,120,2,2024-05-13
84,27,5,2024-05-31
18,111,4,2024-12-10
1,185,1,2025-04-02
79,36,1,2025-03-27
19,15,2,2024-09-16
63,15,4,2025-01-28
4,77,1,2025-03-17
16,134,5,2025-01-02
3,84,4,2025-03-09
51,33,3,2024-06-26
21,41,1,2024-12-19
64,180,1,2024-09-06
8,142,3,2024-10-01
49,69,3,2024-07-21
90,178,1,2024-07-05
55,83,4,2024-05-01
90,104,3,2024-06-17
34,7,5,2024-07-21
12,170,3,2025-01-26
83,69,1,2024-08-27
53,170,1,2024-10-08
40,196,3,2025-03-31
81,168,3,2024-10-16
79,106,3,2024-09-27
56,93,5,2024-07-18
35,133,5,2024-04-22
4,31,4,2024-11-01
10,12,1,2024-06-21
71,177,5,2025-02-23
24,81,4,2024-05-15
72,127,3,2025-03-10
30,97,5,2024-04-26
80,25,4,2024-12-06
64,181,5,2024-12-03
64,144,3,2024-06-21
68,74,2,2024-09-14
21,100,4,2024-10-27
52,80,4,2024-07-27
13,114,1,2024-10-21
74,33,3,2024-07-28
73,160,3,2024-05-20
87,147,3,2024-12-13
27,133,4,2025-03-17
81,25,3,2024-08-26
29,124,3,2024-07-18
34,67,4,2025-04-17
51,100,4,2024-06-17
28,157,2,2025-04-08
61,100,2,2024-06-30
78,26,2,2024-10-14
76,40,5,2025-02-07
98,197,3,2024-10-19
23,58,3,2025-01-18
79,149,2,2024-12-11
22,5,2,2025-03-02
51,88,4,2025-04-16
60,58,5,2024-11-04
44,4,5,2024-08-06
55,141,3,2024-06-11
63,132,3,2024-06-26
72,131,3,2025-01-14
59,184,2,2024-07-29
21,7,3,2024-05-26
33,115,4,2024-10-07
78,155,4,2024-07-19
94,84,3,2025-03-02
51,15,5,2024-09-05
31,29,2,2024-12-30
15,80,2,2025-01-06
70,133,2,2025-03-09
2,182,2,2024-11-23
35,189,3,2025-02-04
91,24,1,2025-03-07
64,26,1,2024-10-06
67,115,5,2024-09-02
22,93,4,2024-09-15
84,112,1,2025-02-23
40,4,5,2024-07-19
16,102,5,2024-09-25
5,59,5,2025-01-02
2,27,2,2024-09-09
63,41,4,2025-03-22
76,75,4,2025-04-14
15,30,5,2024-11-02
25,173,1,2024-08-31
99,16,3,2024-12-12
78,108,5,2024-05-09
46,175,4,2024-07-29
7,141,5,2024-10-23
94,131,1,2024-09-01
6,120,5,2024-06-28
93,86,2,2024-10-11
38,32,1,2024-04-20
5,131,4,2024-11-09
57,54,1,2024-05-30
20,163,2,2025-03-08
100,154,4,2025-01-09
54,72,3,2024-11-02
63,111,4,2025-02-18
40,6,3,2024-12-29
29,63,4,2024-04-22
64,97,3,2025-04-13
32,79,2,2024-07-27
48,26,5,2024-12-25
81,31,5,2025-01-28
32,92,3,2024-12-09
37,174,5,2024-10-16
39,199,2,2024-08-25
93,172,3,2024-11-14
73,112,4,2025-01-23
33,34,5,2024-09-12
74,31,2,2024-05-17
91,73,2,2024-08-23
13,124,4,2024-05-13
13,82,3,2024-11-23
22,126,4,2024-04-21
14,49,5,2024-04-24
77,75,5,2024-08-29
80,76,2,2024-10-05
82,96,1,2024-07-09
5,182,1,2024-12-12
95,113,2,2024-04-30
61,165,1,2024-05-09
5,127,4,2024-09-08
61,127,5,2024-10-22
48,91,3,2024-05-08
8,177,3,2024-05-03
60,27,5,2024-08-12
15,73,2,2024-12-13
86,80,1,2024-12-29
70,151,5,2025-03-27
76,122,1,2024-11-20
66,83,3,2024-06-11
37,191,3,2025-02-02
37,72,2,2024-09-18
71,199,1,2024-08-17
92,177,3,2025-01-25
94,156,3,2024-10-16
6,104,2,2024-07-16
25,7,2,2024-06-21
19,53,3,2024-05-18
3,152,5,2024-08-28
53,34,4,2025-03-22
50,158,5,2024-07-13
1,99,4,2024-12-16
41,56,4,2024-05-06
24,50,5,2024-09-22
76,87,5,2025-01-22
16,166,4,2024-11-13
87,160,2,2024-12-12
80,41,1,2024-12-02
10,72,3,2025-04-09
66,169,3,2024-06-22
46,1,1,2024-12-06
12,31,3,2024-11-18
94,50,3,2025-01-23
92,25,4,2025-03-22
17,71,4,2024-11-27
64,109,4,2025-04-08
5,198,1,2025-03-04
97,149,2,2024-08-16
97,46,5,2025-01-12
91,185,5,2024-08-13
8,120,2,2024-12-29
9,124,4,2024-07-11
90,65,1,2024-12-21
30,15,1,2024-06-05
41,174,3,2025-04-15
59,172,3,2024-08-26
90,116,2,2024-05-19
17,127,5,2024-06-26
21,32,5,2024-10-21
1,108,3,2024-09-17
6,139,5,2024-11-25
51,196,2,2024-08-11
89,50,2,2024-12-14
74,67,1,2024-10-03
61,176,2,2024-10-20
65,162,2,2024-09-10
33,106,4,2024-06-23
74,22,4,2024-09-14
93,23,2,2024-06-07
4,84,3,2024-10-04
32,179,4,2024-07-06
23,79,3,2024-11-11
30,147,4,2024-06-08
48,200,5,2024-09-01
96,49,3,2025-02-21
42,106,4,2024-09-18
54,48,2,2024-11-09
65,185,1,2024-08-22
7,7,3,2024-07-19
65,195,1,2024-06-24
26,107,2,2025-03-21
38,38,4,2024-04-22
66,170,4,2024-09-22
34,101,2,2025-04-04
84,200,5,2024-06-05
58,2,3,2024-12-29
70,174,2,2025-02-04
82,138,4,2025-03-29
88,172,1,2024-11-12
25,25,3,2024-06-17
1,92,4,2024-05-15
82,16,4,2024-12-07
91,150,1,2024-08-22
57,169,1,2025-03-03
13,134,5,2025-03-14
13,156,2,2024-07-31
35,191,5,2024-11-09
6,47,3,2024-08-01
84,97,3,2025-04-11
92,11,3,2024-06-09
61,52,4,2025-04-04
61,27,4,2024-08-30
8,126,3,2024-10-29
48,133,4,2024-07-22
14,40,4,2024-12-19
49,49,2,2025-01-25
5,35,1,2025-03-10
88,54,5,2024-05-16
21,156,3,2025-03-31
21,169,2,2024-07-08
7,160,3,2024-11-01
45,63,2,2024-06-26
45,125,3,2024-05-08
14,161,5,2024-06-12
30,106,1,2025-01-21
96,49,3,2025-01-07
92,127,4,2024-10-26
98,123,3,2025-01-19
37,20,2,2024-11-07
8,94,4,2024-12-22
65,181,3,2024-11-15
68,150,1,2025-02-23
51,19,3,2024-11-10
33,54,2,2024-10-08
58,49,4,2024-12-24
80,100,5,2024-11-18
39,189,3,2024-12-08
60,34,5,2024-11-11
68,111,3,2024-07-01
57,74,3,2025-02-05
15,78,3,2024-04-21
64,153,1,2024-08-11
13,82,3,2024-10-05
8,123,4,2024-11-13
86,69,3,2025-03-20
50,199,1,2024-08-23
67,10,3,2024-12-24
93,143,4,2025-02-04
45,19,3,2024-11-26
86,169,4,2024-05-26
33,95,1,2025-01-26
14,137,4,2024-09-14
70,183,5,2024-11-09
79,183,5,2024-08-10
93,181,5,2024-06-05
76,58,2,2024-12-02
92,16,5,2025-02-28
34,150,1,2024-08-25
44,138,5,2024-05-26
79,119,1,2024-08-25
90,200,1,2024-07-06
81,113,1,2024-08-03
38,199,2,2025-03-12
18,157,2,2025-03-15
79,21,5,2024-05-14
40,86,3,2025-01-05
89,98,4,2024-05-12
69,91,5,2024-12-17
70,96,1,2025-02-13
88,105,2,2024-10-06
87,69,5,2025-02-19
98,1,4,2024-11-28
64,30,1,2025-01-14
36,128,5,2024-12-10
22,95,1,2024-08-13
75,173,2,2024-09-22
42,198,2,2024-09-20
8,137,2,2024-07-26
53,120,2,2024-07-27
24,81,5,2025-02-09
77,169,3,2024-10-19
35,103,1,2024-08-03
73,189,4,2024-08-30
79,56,3,2024-11-24
7,120,2,2024-08-12
85,56,5,2025-03-22
23,137,1,2025-01-06
16,164,5,2024-09-04
44,183,5,2024-12-24
55,16,4,2024-09-09
45,120,4,2025-02-15
72,116,2,2024-10-14
88,190,1,2025-03-30
44,154,3,2024-05-08
12,79,5,2025-04-14
26,86,5,2025-01-23
6,29,3,2025-02-06
34,140,4,2024-07-14
22,150,2,2024-09-25
72,122,2,2024-11-11
7,51,4,2024-12-11
52,60,1,2025-02-17
28,106,2,2025-03-20
97,189,5,2024-10-18
41,98,4,2024-04-21
61,62,1,2024-12-06
10,1,1,2024-09-08
5,193,4,2024-08-31
31,5,1,2024-05-26
44,106,1,2025-03-17
31,148,2,2024-11-04
19,124,4,2024-10-19
22,142,4,2025-03-07
14,90,3,2024-04-29
67,2,4,2024-09-15
6,98,4,2024-05-25
98,102,1,2024-06-04
36,36,2,2024-08-14
90,23,2,2025-02-10
78,195,5,2024-10-28
83,192,4,2025-03-07
6,58,2,2025-01-21
51,171,4,2025-01-09
85,144,1,2024-05-07
82,111,1,2024-10-03
53,44,5,2024-12-07
96,127,2,2024-10-10
14,44,1,2024-12-09
23,30,5,2024-09-07
4,168,1,2025-04-09
54,29,1,2024-07-27
50,28,2,2024-06-21
82,28,5,2025-03-09
69,105,1,2025-03-15
76,77,4,2024-05-25
53,137,5,2024-09-22
47,142,1,2024-08-20
68,187,2,2024-07-17
5,81,2,2024-05-17
77,54,5,2024-06-22
94,179,3,2024-05-21
78,63,2,2024-04-21
33,5,2,2024-11-19
51,102,3,2024-08-29
61,83,5,2024-05-04
55,109,5,2024-07-02
67,178,4,2025-01-29
31,73,1,2025-03-27
73,152,1,2025-02-22
90,4,5,2024-06-20
50,74,3,2025-01-04
84,37,2,2024-11-20
18,196,5,2024-09-13
79,177,3,2024-08-18
56,110,1,2024-05-21
72,56,3,2025-01-09
80,50,2,2024-11-08
90,107,2,2025-04-19
49,53,5,2024-05-05
39,174,4,2024-06-27
8,67,2,2024-06-12
10,6,5,2024-11-11
67,172,2,2025-04-08
46,152,1,2025-02-22
78,172,1,2024-08-28
89,17,4,2024-04-27
9,91,4,2024-08-30
74,167,5,2024-12-10
16,56,3,2024-04-30
63,19,2,2025-01-03
81,134,2,2025-03-29
33,85,2,2024-06-18
20,85,3,2024-09-05
96,61,2,2024-08-14
66,151,2,2024-10-31
31,147,2,2025-02-20
12,6,5,2025-01-15
4,119,3,2024-12-29
41,25,1,2024-07-13
91,158,3,2025-01-04
82,70,1,2025-04-20
45,1,1,2024-10-29
45,190,5,2024-08-13
2,41,3,2025-03-31
44,3,5,2024-07-16
62,22,4,2024-07-20
12,159,2,2024-09-15
25,122,1,2024-08-22
13,85,4,2024-07-19
44,140,2,2024-05-20
9,4,5,2024-09-29
68,156,1,2024-09-18
68,37,3,2025-01-28
19,7,2,2025-02-23
10,109,1,2024-12-05
100,48,5,2024-10-10
62,175,2,2024-09-26
96,55,2,2024-07-14
87,127,2,2025-02-22
33,17,3,2024-11-06
91,125,2,2024-08-23
7,53,1,2024-09-01
29,196,1,2024-07-18
27,76,3,2024-06-12
63,111,5,2025-01-24
93,3,4,2024-07-13
14,100,2,2024-09-24
64,109,3,2024-07-04
16,69,5,2024-09-02
47,87,5,2024-12-31
56,162,3,2025-04-15
3,120,2,2024-09-28
13,9,5,2025-04-05
54,166,2,2024-12-16
24,40,1,2024-07-27
59,121,1,2024-06-19
44,113,5,2024-05-11
52,179,2,2024-10-21
81,46,4,2025-01-17
98,170,3,2025-03-29
72,48,4,2024-12-29
1,183,2,2025-04-10
85,197,2,2024-06-06
13,163,4,2024-07-17
46,4,5,2024-11-01
54,180,1,2025-01-21
31,196,4,2024-09-21
25,92,4,2024-05-23
33,35,5,2024-09-11
63,58,5,2024-06-21
59,87,2,2024-08-24
